grupo,Grupo,ctes,ctes_ced,tasa_des,tasa_des1,tasa_des2,tasa_des3,saldo_tot,saldo_tot_mdp,saldo_pro,saldo_sin_estrategia,ctes_sin_estrategia,saldo_con_estrategia1,ctes_con_estrategia1,saldo_con_estrategia2,ctes_con_estrategia2,saldo_con_estrategia3,ctes_con_estrategia3
1,Bajo Riesgo,37339,1953,0.052,0.041999999999999996,0.037,0.032,729910078.9,729.9,19548.0,761.1,35397.0,769.2,35771.0,773.2,35957.0,777.2,36144.0
2,Mediano Riesgo,33041,1883,0.057,0.047,0.042,0.037000000000000005,1681933234.3,1681.9,50904.0,1744.7,31158.0,1763.2,31488.0,1772.4,31653.0,1781.7,31818.0
3,Alto Riesgo,34451,2385,0.069,0.059000000000000004,0.054000000000000006,0.049,2915404405.0,2915.4,84625.0,2985.7,32074.0,3017.7,32418.0,3033.8,32591.0,3049.8,32763.0
